Total,CPU,3.720065,ms,CUDA,3.518816,ms
Post-Process,CPU,0.017633,ms,CUDA,0.017536,ms
Network,CPU,3.654846,ms,CUDA,3.493888,ms
Pre-Process,CPU,0.047586,ms,CUDA,0.007392,ms
Total,CPU,5.193116,ms,CUDA,0.008480,ms
Post-Process,CPU,0.018273,ms,CUDA,0.000000,ms
Network,CPU,5.126296,ms,CUDA,0.000000,ms
Pre-Process,CPU,0.048547,ms,CUDA,0.008480,ms
Total,CPU,3.679744,ms,CUDA,3.472480,ms
Post-Process,CPU,0.022401,ms,CUDA,0.022336,ms
Network,CPU,3.580410,ms,CUDA,3.442400,ms
Pre-Process,CPU,0.076933,ms,CUDA,0.007744,ms
Total,CPU,5.244896,ms,CUDA,5.146752,ms
Post-Process,CPU,0.019393,ms,CUDA,0.019456,ms
Network,CPU,5.144794,ms,CUDA,5.119104,ms
Pre-Process,CPU,0.080709,ms,CUDA,0.008192,ms
Total,CPU,3.768454,ms,CUDA,3.558688,ms
Post-Process,CPU,0.018369,ms,CUDA,0.018688,ms
Network,CPU,3.675104,ms,CUDA,3.532288,ms
Pre-Process,CPU,0.074981,ms,CUDA,0.007712,ms
Total,CPU,3.483252,ms,CUDA,3.290336,ms
Post-Process,CPU,0.019361,ms,CUDA,0.019744,ms
Network,CPU,3.416848,ms,CUDA,3.262144,ms
Pre-Process,CPU,0.047043,ms,CUDA,0.008448,ms
Total,CPU,4.969871,ms,CUDA,4.778880,ms
Post-Process,CPU,0.018177,ms,CUDA,0.018304,ms
Network,CPU,4.890122,ms,CUDA,4.752384,ms
Pre-Process,CPU,0.061572,ms,CUDA,0.008192,ms
Total,CPU,3.474485,ms,CUDA,3.275008,ms
Post-Process,CPU,0.019234,ms,CUDA,0.019424,ms
Network,CPU,3.381198,ms,CUDA,3.247104,ms
Pre-Process,CPU,0.074053,ms,CUDA,0.008480,ms
Total,CPU,5.233022,ms,CUDA,5.099008,ms
Post-Process,CPU,0.017729,ms,CUDA,0.017760,ms
Network,CPU,5.141625,ms,CUDA,5.072896,ms
Pre-Process,CPU,0.073668,ms,CUDA,0.008352,ms
Total,CPU,3.484884,ms,CUDA,3.292000,ms
Post-Process,CPU,0.019105,ms,CUDA,0.019072,ms
Network,CPU,3.417904,ms,CUDA,3.264512,ms
Pre-Process,CPU,0.047875,ms,CUDA,0.008416,ms
Total,CPU,5.355654,ms,CUDA,5.256544,ms
Post-Process,CPU,0.018657,ms,CUDA,0.018592,ms
Network,CPU,5.287394,ms,CUDA,5.229760,ms
Pre-Process,CPU,0.049603,ms,CUDA,0.008192,ms
Total,CPU,3.469460,ms,CUDA,3.274976,ms
Post-Process,CPU,0.019105,ms,CUDA,0.019456,ms
Network,CPU,3.376910,ms,CUDA,3.248128,ms
Pre-Process,CPU,0.073445,ms,CUDA,0.007392,ms
Total,CPU,5.953290,ms,CUDA,5.855552,ms
Post-Process,CPU,0.018177,ms,CUDA,0.018304,ms
Network,CPU,5.887750,ms,CUDA,5.829312,ms
Pre-Process,CPU,0.047363,ms,CUDA,0.007936,ms
Total,CPU,3.468500,ms,CUDA,3.278976,ms
Post-Process,CPU,0.018913,ms,CUDA,0.018944,ms
Network,CPU,3.368974,ms,CUDA,3.252224,ms
Pre-Process,CPU,0.080613,ms,CUDA,0.007808,ms
Total,CPU,4.297637,ms,CUDA,4.200256,ms
Post-Process,CPU,0.019201,ms,CUDA,0.019136,ms
Network,CPU,4.215552,ms,CUDA,4.172928,ms
Pre-Process,CPU,0.062884,ms,CUDA,0.008192,ms
Total,CPU,3.710978,ms,CUDA,3.520864,ms
Post-Process,CPU,0.019489,ms,CUDA,0.019584,ms
Network,CPU,3.642334,ms,CUDA,3.492864,ms
Pre-Process,CPU,0.049155,ms,CUDA,0.008416,ms
Total,CPU,5.039443,ms,CUDA,5.188288,ms
Post-Process,CPU,0.017729,ms,CUDA,0.001024,ms
Network,CPU,4.941453,ms,CUDA,5.179392,ms
Pre-Process,CPU,0.080261,ms,CUDA,0.007872,ms
Total,CPU,5.042484,ms,CUDA,5.232640,ms
Post-Process,CPU,0.018658,ms,CUDA,0.001024,ms
Network,CPU,4.974319,ms,CUDA,5.223424,ms
Pre-Process,CPU,0.049507,ms,CUDA,0.008192,ms
Total,CPU,4.065592,ms,CUDA,3.291904,ms
Post-Process,CPU,0.019330,ms,CUDA,0.019456,ms
Network,CPU,3.992211,ms,CUDA,3.264256,ms
Pre-Process,CPU,0.054051,ms,CUDA,0.008192,ms
Total,CPU,3.495190,ms,CUDA,3.289344,ms
Post-Process,CPU,0.017602,ms,CUDA,0.017664,ms
Network,CPU,3.425297,ms,CUDA,3.263488,ms
Pre-Process,CPU,0.052291,ms,CUDA,0.008192,ms
Total,CPU,4.567319,ms,CUDA,4.359264,ms
Post-Process,CPU,0.063652,ms,CUDA,0.063392,ms
Network,CPU,4.457200,ms,CUDA,4.288128,ms
Pre-Process,CPU,0.046467,ms,CUDA,0.007744,ms
Total,CPU,3.409328,ms,CUDA,3.243424,ms
Post-Process,CPU,0.017857,ms,CUDA,0.017792,ms
Network,CPU,3.350380,ms,CUDA,3.217952,ms
Pre-Process,CPU,0.041091,ms,CUDA,0.007680,ms
Total,CPU,3.457075,ms,CUDA,3.259744,ms
Post-Process,CPU,0.019233,ms,CUDA,0.019456,ms
Network,CPU,3.396111,ms,CUDA,3.231744,ms
Pre-Process,CPU,0.041731,ms,CUDA,0.008544,ms
Total,CPU,5.077110,ms,CUDA,0.007488,ms
Post-Process,CPU,0.018081,ms,CUDA,0.000000,ms
Network,CPU,5.013682,ms,CUDA,0.000000,ms
Pre-Process,CPU,0.045347,ms,CUDA,0.007488,ms
Total,CPU,3.487189,ms,CUDA,3.289792,ms
Post-Process,CPU,0.041187,ms,CUDA,0.041088,ms
Network,CPU,3.392271,ms,CUDA,3.240960,ms
Pre-Process,CPU,0.053731,ms,CUDA,0.007744,ms
Total,CPU,3.461747,ms,CUDA,3.270784,ms
Post-Process,CPU,0.019297,ms,CUDA,0.019296,ms
Network,CPU,3.339628,ms,CUDA,3.244032,ms
Pre-Process,CPU,0.102822,ms,CUDA,0.007456,ms
Total,CPU,4.384203,ms,CUDA,4.489728,ms
Post-Process,CPU,0.017921,ms,CUDA,0.001024,ms
Network,CPU,4.292837,ms,CUDA,4.480000,ms
Pre-Process,CPU,0.073445,ms,CUDA,0.008704,ms
Total,CPU,3.458195,ms,CUDA,3.387392,ms
Post-Process,CPU,0.020866,ms,CUDA,0.001024,ms
Network,CPU,3.388910,ms,CUDA,3.378016,ms
Pre-Process,CPU,0.048419,ms,CUDA,0.008352,ms
Total,CPU,4.329383,ms,CUDA,4.419584,ms
Post-Process,CPU,0.017185,ms,CUDA,0.001024,ms
Network,CPU,4.233954,ms,CUDA,4.410368,ms
Pre-Process,CPU,0.078244,ms,CUDA,0.008192,ms
Total,CPU,3.719202,ms,CUDA,3.524320,ms
Post-Process,CPU,0.018369,ms,CUDA,0.018464,ms
Network,CPU,3.653022,ms,CUDA,3.497632,ms
Pre-Process,CPU,0.047811,ms,CUDA,0.008224,ms
Total,CPU,4.636699,ms,CUDA,0.009216,ms
Post-Process,CPU,0.018177,ms,CUDA,0.001024,ms
Network,CPU,4.571575,ms,CUDA,0.000000,ms
Pre-Process,CPU,0.046947,ms,CUDA,0.008192,ms
Total,CPU,3.864171,ms,CUDA,3.499104,ms
Post-Process,CPU,0.020097,ms,CUDA,0.020288,ms
Network,CPU,3.787783,ms,CUDA,3.471360,ms
Pre-Process,CPU,0.056291,ms,CUDA,0.007456,ms
Total,CPU,5.091926,ms,CUDA,5.280896,ms
Post-Process,CPU,0.018017,ms,CUDA,0.001024,ms
Network,CPU,4.994416,ms,CUDA,5.271552,ms
Pre-Process,CPU,0.079493,ms,CUDA,0.008320,ms
Total,CPU,3.489748,ms,CUDA,3.283680,ms
Post-Process,CPU,0.019425,ms,CUDA,0.019712,ms
Network,CPU,3.396847,ms,CUDA,3.255552,ms
Pre-Process,CPU,0.073476,ms,CUDA,0.008416,ms
Total,CPU,4.664794,ms,CUDA,0.007552,ms
Post-Process,CPU,0.043586,ms,CUDA,0.000000,ms
Network,CPU,4.573910,ms,CUDA,0.000000,ms
Pre-Process,CPU,0.047299,ms,CUDA,0.007552,ms
Total,CPU,3.492405,ms,CUDA,3.292576,ms
Post-Process,CPU,0.018305,ms,CUDA,0.018368,ms
Network,CPU,3.426193,ms,CUDA,3.265920,ms
Pre-Process,CPU,0.047907,ms,CUDA,0.008288,ms
Total,CPU,5.271809,ms,CUDA,5.351040,ms
Post-Process,CPU,0.017697,ms,CUDA,0.001024,ms
Network,CPU,5.205725,ms,CUDA,5.342208,ms
Pre-Process,CPU,0.048387,ms,CUDA,0.007808,ms
Total,CPU,3.474419,ms,CUDA,3.283968,ms
Post-Process,CPU,0.018433,ms,CUDA,0.018368,ms
Network,CPU,3.408463,ms,CUDA,3.257408,ms
Pre-Process,CPU,0.047523,ms,CUDA,0.008192,ms
Total,CPU,4.436207,ms,CUDA,4.384352,ms
Post-Process,CPU,0.017601,ms,CUDA,0.001024,ms
Network,CPU,4.374923,ms,CUDA,4.374528,ms
Pre-Process,CPU,0.043683,ms,CUDA,0.008800,ms
Total,CPU,3.461107,ms,CUDA,3.293536,ms
Post-Process,CPU,0.038915,ms,CUDA,0.038496,ms
Network,CPU,3.380046,ms,CUDA,3.247264,ms
Pre-Process,CPU,0.042146,ms,CUDA,0.007776,ms
Total,CPU,4.949838,ms,CUDA,0.008416,ms
Post-Process,CPU,0.017793,ms,CUDA,0.000000,ms
Network,CPU,4.850696,ms,CUDA,0.000000,ms
Pre-Process,CPU,0.081349,ms,CUDA,0.008416,ms
Total,CPU,3.483540,ms,CUDA,3.274624,ms
Post-Process,CPU,0.017922,ms,CUDA,0.018144,ms
Network,CPU,3.391502,ms,CUDA,3.248288,ms
Pre-Process,CPU,0.074116,ms,CUDA,0.008192,ms
Total,CPU,4.846407,ms,CUDA,4.928063,ms
Post-Process,CPU,0.017505,ms,CUDA,0.001024,ms
Network,CPU,4.777923,ms,CUDA,4.919296,ms
Pre-Process,CPU,0.050979,ms,CUDA,0.007744,ms
Total,CPU,3.497749,ms,CUDA,3.292000,ms
Post-Process,CPU,0.044098,ms,CUDA,0.044160,ms
Network,CPU,3.403151,ms,CUDA,3.239328,ms
Pre-Process,CPU,0.050500,ms,CUDA,0.008512,ms
Total,CPU,3.542296,ms,CUDA,3.350752,ms
Post-Process,CPU,0.018082,ms,CUDA,0.018144,ms
Network,CPU,3.451890,ms,CUDA,3.325056,ms
Pre-Process,CPU,0.072324,ms,CUDA,0.007552,ms
Total,CPU,3.931567,ms,CUDA,3.279264,ms
Post-Process,CPU,0.020033,ms,CUDA,0.020192,ms
Network,CPU,3.826825,ms,CUDA,3.250880,ms
Pre-Process,CPU,0.084709,ms,CUDA,0.008192,ms
Total,CPU,3.486837,ms,CUDA,3.290144,ms
Post-Process,CPU,0.018817,ms,CUDA,0.018912,ms
Network,CPU,3.419921,ms,CUDA,3.262720,ms
Pre-Process,CPU,0.048099,ms,CUDA,0.008512,ms
Total,CPU,4.301671,ms,CUDA,3.282944,ms
Post-Process,CPU,0.020097,ms,CUDA,0.019520,ms
Network,CPU,4.206305,ms,CUDA,3.254944,ms
Pre-Process,CPU,0.075269,ms,CUDA,0.008480,ms
Total,CPU,3.475283,ms,CUDA,3.271840,ms
Post-Process,CPU,0.017633,ms,CUDA,0.017568,ms
Network,CPU,3.409968,ms,CUDA,3.246080,ms
Pre-Process,CPU,0.047682,ms,CUDA,0.008192,ms
Total,CPU,4.502898,ms,CUDA,4.310208,ms
Post-Process,CPU,0.020961,ms,CUDA,0.021088,ms
Network,CPU,4.430062,ms,CUDA,4.280416,ms
Pre-Process,CPU,0.051875,ms,CUDA,0.008704,ms
Total,CPU,3.461299,ms,CUDA,3.254560,ms
Post-Process,CPU,0.017793,ms,CUDA,0.017856,ms
Network,CPU,3.393935,ms,CUDA,3.229280,ms
Pre-Process,CPU,0.049571,ms,CUDA,0.007424,ms
Total,CPU,4.482545,ms,CUDA,4.226176,ms
Post-Process,CPU,0.018145,ms,CUDA,0.018336,ms
Network,CPU,4.413485,ms,CUDA,4.199648,ms
Pre-Process,CPU,0.050915,ms,CUDA,0.008192,ms
Total,CPU,3.476340,ms,CUDA,3.274144,ms
Post-Process,CPU,0.039522,ms,CUDA,0.039616,ms
Network,CPU,3.389871,ms,CUDA,3.226912,ms
Pre-Process,CPU,0.046947,ms,CUDA,0.007616,ms
Total,CPU,4.811237,ms,CUDA,0.007872,ms
Post-Process,CPU,0.018049,ms,CUDA,0.000000,ms
Network,CPU,4.743361,ms,CUDA,0.000000,ms
Pre-Process,CPU,0.049827,ms,CUDA,0.007872,ms
Total,CPU,3.473524,ms,CUDA,3.271968,ms
Post-Process,CPU,0.019426,ms,CUDA,0.019456,ms
Network,CPU,3.382638,ms,CUDA,3.244160,ms
Pre-Process,CPU,0.071460,ms,CUDA,0.008352,ms
Total,CPU,5.046004,ms,CUDA,4.929856,ms
Post-Process,CPU,0.019713,ms,CUDA,0.019136,ms
Network,CPU,4.944814,ms,CUDA,4.902144,ms
Pre-Process,CPU,0.081477,ms,CUDA,0.008576,ms
Total,CPU,3.495509,ms,CUDA,3.309408,ms
Post-Process,CPU,0.019745,ms,CUDA,0.039104,ms
Network,CPU,3.426385,ms,CUDA,3.262528,ms
Pre-Process,CPU,0.049379,ms,CUDA,0.007776,ms
Total,CPU,5.947051,ms,CUDA,5.848768,ms
Post-Process,CPU,0.019713,ms,CUDA,0.019712,ms
Network,CPU,5.874983,ms,CUDA,5.820832,ms
Pre-Process,CPU,0.052355,ms,CUDA,0.008224,ms
Total,CPU,3.473075,ms,CUDA,3.260512,ms
Post-Process,CPU,0.019585,ms,CUDA,0.019648,ms
Network,CPU,3.399631,ms,CUDA,3.233152,ms
Pre-Process,CPU,0.053859,ms,CUDA,0.007712,ms
Total,CPU,3.482227,ms,CUDA,3.282368,ms
Post-Process,CPU,0.018881,ms,CUDA,0.018880,ms
Network,CPU,3.390638,ms,CUDA,3.255296,ms
Pre-Process,CPU,0.072708,ms,CUDA,0.008192,ms
Total,CPU,4.675485,ms,CUDA,4.758528,ms
Post-Process,CPU,0.040226,ms,CUDA,0.001024,ms
Network,CPU,4.586104,ms,CUDA,4.749312,ms
Pre-Process,CPU,0.049155,ms,CUDA,0.008192,ms
Total,CPU,3.470164,ms,CUDA,3.275264,ms
Post-Process,CPU,0.018881,ms,CUDA,0.018848,ms
Network,CPU,3.402512,ms,CUDA,3.248512,ms
Pre-Process,CPU,0.048771,ms,CUDA,0.007904,ms
Total,CPU,4.366986,ms,CUDA,0.009376,ms
Post-Process,CPU,0.017857,ms,CUDA,0.001024,ms
Network,CPU,4.300486,ms,CUDA,0.000000,ms
Pre-Process,CPU,0.048643,ms,CUDA,0.008352,ms
Total,CPU,3.449746,ms,CUDA,3.264000,ms
Post-Process,CPU,0.018241,ms,CUDA,0.018464,ms
Network,CPU,3.379406,ms,CUDA,3.237344,ms
Pre-Process,CPU,0.052099,ms,CUDA,0.008192,ms
Total,CPU,3.441266,ms,CUDA,3.265568,ms
Post-Process,CPU,0.017185,ms,CUDA,0.016992,ms
Network,CPU,3.376494,ms,CUDA,3.240960,ms
Pre-Process,CPU,0.047587,ms,CUDA,0.007616,ms
Total,CPU,4.038805,ms,CUDA,3.287968,ms
Post-Process,CPU,0.021537,ms,CUDA,0.020832,ms
Network,CPU,3.964945,ms,CUDA,3.259424,ms
Pre-Process,CPU,0.052323,ms,CUDA,0.007712,ms
Total,CPU,3.477908,ms,CUDA,3.286112,ms
Post-Process,CPU,0.019553,ms,CUDA,0.020096,ms
Network,CPU,3.411312,ms,CUDA,3.256800,ms
Pre-Process,CPU,0.047043,ms,CUDA,0.009216,ms
Total,CPU,4.569911,ms,CUDA,4.271040,ms
Post-Process,CPU,0.020066,ms,CUDA,0.020416,ms
Network,CPU,4.498770,ms,CUDA,4.242432,ms
Pre-Process,CPU,0.051075,ms,CUDA,0.008192,ms
Total,CPU,3.480885,ms,CUDA,3.295424,ms
Post-Process,CPU,0.018337,ms,CUDA,0.018592,ms
Network,CPU,3.386287,ms,CUDA,3.269152,ms
Pre-Process,CPU,0.076261,ms,CUDA,0.007680,ms
Total,CPU,5.819266,ms,CUDA,5.703072,ms
Post-Process,CPU,0.018465,ms,CUDA,0.018848,ms
Network,CPU,5.752030,ms,CUDA,5.675616,ms
Pre-Process,CPU,0.048771,ms,CUDA,0.008608,ms
Total,CPU,3.457170,ms,CUDA,3.270528,ms
Post-Process,CPU,0.020673,ms,CUDA,0.020672,ms
Network,CPU,3.387118,ms,CUDA,3.241984,ms
Pre-Process,CPU,0.049379,ms,CUDA,0.007872,ms
Total,CPU,4.497233,ms,CUDA,4.273856,ms
Post-Process,CPU,0.018337,ms,CUDA,0.017920,ms
Network,CPU,4.417965,ms,CUDA,4.247552,ms
Pre-Process,CPU,0.060931,ms,CUDA,0.008384,ms
Total,CPU,3.500501,ms,CUDA,3.293696,ms
Post-Process,CPU,0.021825,ms,CUDA,0.021920,ms
Network,CPU,3.429329,ms,CUDA,3.263584,ms
Pre-Process,CPU,0.049347,ms,CUDA,0.008192,ms
Total,CPU,5.781407,ms,CUDA,5.684576,ms
Post-Process,CPU,0.021633,ms,CUDA,0.021440,ms
Network,CPU,5.706747,ms,CUDA,5.654944,ms
Pre-Process,CPU,0.053027,ms,CUDA,0.008192,ms
Total,CPU,5.470829,ms,CUDA,5.344064,ms
Post-Process,CPU,0.018433,ms,CUDA,0.018432,ms
Network,CPU,5.399721,ms,CUDA,5.317056,ms
Pre-Process,CPU,0.052675,ms,CUDA,0.008576,ms
Total,CPU,3.702754,ms,CUDA,3.493792,ms
Post-Process,CPU,0.040546,ms,CUDA,0.040512,ms
Network,CPU,3.611645,ms,CUDA,3.444064,ms
Pre-Process,CPU,0.050563,ms,CUDA,0.009216,ms
Total,CPU,4.148093,ms,CUDA,0.008224,ms
Post-Process,CPU,0.018178,ms,CUDA,0.000000,ms
Network,CPU,4.070840,ms,CUDA,0.000000,ms
Pre-Process,CPU,0.059075,ms,CUDA,0.008224,ms
Total,CPU,4.894378,ms,CUDA,4.796448,ms
Post-Process,CPU,0.018145,ms,CUDA,0.018208,ms
Network,CPU,4.821766,ms,CUDA,4.770048,ms
Pre-Process,CPU,0.054467,ms,CUDA,0.008192,ms
Total,CPU,3.483637,ms,CUDA,3.275712,ms
Post-Process,CPU,0.019681,ms,CUDA,0.019840,ms
Network,CPU,3.409552,ms,CUDA,3.248128,ms
Pre-Process,CPU,0.054404,ms,CUDA,0.007744,ms
Total,CPU,4.290150,ms,CUDA,3.287904,ms
Post-Process,CPU,0.020065,ms,CUDA,0.019648,ms
Network,CPU,4.220450,ms,CUDA,3.260896,ms
Pre-Process,CPU,0.049635,ms,CUDA,0.007360,ms
Total,CPU,3.360653,ms,CUDA,3.254592,ms
Post-Process,CPU,0.018497,ms,CUDA,0.018560,ms
Network,CPU,3.291337,ms,CUDA,3.227648,ms
Pre-Process,CPU,0.050819,ms,CUDA,0.008384,ms
Total,CPU,4.980591,ms,CUDA,5.169824,ms
Post-Process,CPU,0.017793,ms,CUDA,0.001024,ms
Network,CPU,4.906699,ms,CUDA,5.159936,ms
Pre-Process,CPU,0.056099,ms,CUDA,0.008864,ms
Total,CPU,3.466643,ms,CUDA,3.268608,ms
Post-Process,CPU,0.019969,ms,CUDA,0.020000,ms
Network,CPU,3.394511,ms,CUDA,3.240960,ms
Pre-Process,CPU,0.052163,ms,CUDA,0.007648,ms
Total,CPU,4.992112,ms,CUDA,5.149696,ms
Post-Process,CPU,0.017985,ms,CUDA,0.001024,ms
Network,CPU,4.923020,ms,CUDA,5.140480,ms
Pre-Process,CPU,0.051107,ms,CUDA,0.008192,ms
Total,CPU,3.470675,ms,CUDA,3.278176,ms
Post-Process,CPU,0.019041,ms,CUDA,0.019104,ms
Network,CPU,3.379662,ms,CUDA,3.250880,ms
Pre-Process,CPU,0.071972,ms,CUDA,0.008192,ms
Total,CPU,4.847815,ms,CUDA,4.946400,ms
Post-Process,CPU,0.017825,ms,CUDA,0.001024,ms
Network,CPU,4.757762,ms,CUDA,4.936704,ms
Pre-Process,CPU,0.072228,ms,CUDA,0.008672,ms
Total,CPU,3.436178,ms,CUDA,3.251488,ms
Post-Process,CPU,0.044483,ms,CUDA,0.017952,ms
Network,CPU,3.339404,ms,CUDA,3.226048,ms
Pre-Process,CPU,0.052291,ms,CUDA,0.007488,ms
Total,CPU,4.974830,ms,CUDA,5.057760,ms
Post-Process,CPU,0.017825,ms,CUDA,0.001024,ms
Network,CPU,4.880713,ms,CUDA,5.048320,ms
Pre-Process,CPU,0.076292,ms,CUDA,0.008416,ms
Total,CPU,3.400495,ms,CUDA,3.294912,ms
Post-Process,CPU,0.020065,ms,CUDA,0.020160,ms
Network,CPU,3.332555,ms,CUDA,3.266464,ms
Pre-Process,CPU,0.047875,ms,CUDA,0.008288,ms
Total,CPU,4.862759,ms,CUDA,4.764000,ms
Post-Process,CPU,0.018529,ms,CUDA,0.018560,ms
Network,CPU,4.740416,ms,CUDA,4.737248,ms
Pre-Process,CPU,0.103814,ms,CUDA,0.008192,ms
Total,CPU,3.494677,ms,CUDA,3.298464,ms
Post-Process,CPU,0.018881,ms,CUDA,0.019104,ms
Network,CPU,3.427185,ms,CUDA,3.270656,ms
Pre-Process,CPU,0.048611,ms,CUDA,0.008704,ms
Total,CPU,5.386920,ms,CUDA,5.276800,ms
Post-Process,CPU,0.019009,ms,CUDA,0.018880,ms
Network,CPU,5.317732,ms,CUDA,5.249376,ms
Pre-Process,CPU,0.050179,ms,CUDA,0.008544,ms
Total,CPU,3.448979,ms,CUDA,3.258016,ms
Post-Process,CPU,0.018370,ms,CUDA,0.018720,ms
Network,CPU,3.381806,ms,CUDA,3.231040,ms
Pre-Process,CPU,0.048803,ms,CUDA,0.008256,ms
Total,CPU,5.046676,ms,CUDA,0.008384,ms
Post-Process,CPU,0.017185,ms,CUDA,0.001024,ms
Network,CPU,4.966287,ms,CUDA,0.000000,ms
Pre-Process,CPU,0.063204,ms,CUDA,0.007360,ms
Total,CPU,3.414064,ms,CUDA,3.307328,ms
Post-Process,CPU,0.017921,ms,CUDA,0.017760,ms
Network,CPU,3.317834,ms,CUDA,3.281952,ms
Pre-Process,CPU,0.078309,ms,CUDA,0.007616,ms
Total,CPU,3.448883,ms,CUDA,3.257600,ms
Post-Process,CPU,0.017729,ms,CUDA,0.017920,ms
Network,CPU,3.388207,ms,CUDA,3.231328,ms
Pre-Process,CPU,0.042947,ms,CUDA,0.008352,ms
Total,CPU,3.506582,ms,CUDA,3.310976,ms
Post-Process,CPU,0.019745,ms,CUDA,0.019456,ms
Network,CPU,3.437650,ms,CUDA,3.283264,ms
Pre-Process,CPU,0.049187,ms,CUDA,0.008256,ms
Total,CPU,5.314021,ms,CUDA,4.769855,ms
Post-Process,CPU,0.018593,ms,CUDA,0.001024,ms
Network,CPU,5.239296,ms,CUDA,4.760576,ms
Pre-Process,CPU,0.056132,ms,CUDA,0.008256,ms
Total,CPU,3.704835,ms,CUDA,3.598624,ms
Post-Process,CPU,0.018209,ms,CUDA,0.018048,ms
Network,CPU,3.573787,ms,CUDA,3.572864,ms
Pre-Process,CPU,0.112839,ms,CUDA,0.007712,ms
Total,CPU,3.632702,ms,CUDA,3.472960,ms
Post-Process,CPU,0.018145,ms,CUDA,0.018368,ms
Network,CPU,3.545657,ms,CUDA,3.446784,ms
Pre-Process,CPU,0.068900,ms,CUDA,0.007808,ms
Total,CPU,3.629470,ms,CUDA,3.302752,ms
Post-Process,CPU,0.019073,ms,CUDA,0.019168,ms
Network,CPU,3.552793,ms,CUDA,3.275040,ms
Pre-Process,CPU,0.057604,ms,CUDA,0.008544,ms
Total,CPU,4.844423,ms,CUDA,4.948992,ms
Post-Process,CPU,0.017313,ms,CUDA,0.001024,ms
Network,CPU,4.776579,ms,CUDA,4.939776,ms
Pre-Process,CPU,0.050531,ms,CUDA,0.008192,ms
Total,CPU,3.503477,ms,CUDA,3.305056,ms
Post-Process,CPU,0.018209,ms,CUDA,0.018368,ms
Network,CPU,3.433809,ms,CUDA,3.278848,ms
Pre-Process,CPU,0.051459,ms,CUDA,0.007840,ms
Total,CPU,3.414224,ms,CUDA,3.308096,ms
Post-Process,CPU,0.017505,ms,CUDA,0.017792,ms
Network,CPU,3.307946,ms,CUDA,3.281920,ms
Pre-Process,CPU,0.088773,ms,CUDA,0.008384,ms
Total,CPU,5.089751,ms,CUDA,4.797056,ms
Post-Process,CPU,0.021569,ms,CUDA,0.021760,ms
Network,CPU,5.017171,ms,CUDA,4.766720,ms
Pre-Process,CPU,0.051011,ms,CUDA,0.008576,ms
Total,CPU,3.443602,ms,CUDA,3.247040,ms
Post-Process,CPU,0.017761,ms,CUDA,0.017984,ms
Network,CPU,3.378286,ms,CUDA,3.221120,ms
Pre-Process,CPU,0.047555,ms,CUDA,0.007936,ms
Total,CPU,3.482195,ms,CUDA,3.335680,ms
Post-Process,CPU,0.018817,ms,CUDA,0.019136,ms
Network,CPU,3.407183,ms,CUDA,3.308288,ms
Pre-Process,CPU,0.056195,ms,CUDA,0.008256,ms
Total,CPU,3.457267,ms,CUDA,3.265952,ms
Post-Process,CPU,0.017569,ms,CUDA,0.017632,ms
Network,CPU,3.393839,ms,CUDA,3.240000,ms
Pre-Process,CPU,0.045859,ms,CUDA,0.008320,ms
Total,CPU,3.387918,ms,CUDA,3.281984,ms
Post-Process,CPU,0.021377,ms,CUDA,0.021760,ms
Network,CPU,3.320586,ms,CUDA,3.251680,ms
Pre-Process,CPU,0.045955,ms,CUDA,0.008544,ms
Total,CPU,5.053876,ms,CUDA,0.007712,ms
Post-Process,CPU,0.018209,ms,CUDA,0.000000,ms
Network,CPU,4.974031,ms,CUDA,0.000000,ms
Pre-Process,CPU,0.061636,ms,CUDA,0.007712,ms
Total,CPU,3.796039,ms,CUDA,3.287456,ms
Post-Process,CPU,0.020801,ms,CUDA,0.020480,ms
Network,CPU,3.725891,ms,CUDA,3.258752,ms
Pre-Process,CPU,0.049347,ms,CUDA,0.008224,ms
Total,CPU,3.464628,ms,CUDA,3.292672,ms
Post-Process,CPU,0.019426,ms,CUDA,0.045984,ms
Network,CPU,3.365773,ms,CUDA,3.237888,ms
Pre-Process,CPU,0.079429,ms,CUDA,0.008800,ms
Total,CPU,4.401708,ms,CUDA,4.307360,ms
Post-Process,CPU,0.023905,ms,CUDA,0.024096,ms
Network,CPU,4.326568,ms,CUDA,4.275616,ms
Pre-Process,CPU,0.051235,ms,CUDA,0.007648,ms
Total,CPU,3.491477,ms,CUDA,3.279072,ms
Post-Process,CPU,0.018561,ms,CUDA,0.018432,ms
Network,CPU,3.426033,ms,CUDA,3.252448,ms
Pre-Process,CPU,0.046883,ms,CUDA,0.008192,ms
Total,CPU,3.464275,ms,CUDA,3.273024,ms
Post-Process,CPU,0.019489,ms,CUDA,0.019456,ms
Network,CPU,3.393903,ms,CUDA,3.245312,ms
Pre-Process,CPU,0.050883,ms,CUDA,0.008256,ms
Total,CPU,3.459923,ms,CUDA,3.279328,ms
Post-Process,CPU,0.018113,ms,CUDA,0.018432,ms
Network,CPU,3.389199,ms,CUDA,3.253376,ms
Pre-Process,CPU,0.052611,ms,CUDA,0.007520,ms
Total,CPU,4.031798,ms,CUDA,3.935296,ms
Post-Process,CPU,0.018561,ms,CUDA,0.019456,ms
Network,CPU,3.963250,ms,CUDA,3.907648,ms
Pre-Process,CPU,0.049987,ms,CUDA,0.008192,ms
Total,CPU,3.836041,ms,CUDA,0.008192,ms
Post-Process,CPU,0.042050,ms,CUDA,0.000000,ms
Network,CPU,3.746596,ms,CUDA,0.000000,ms
Pre-Process,CPU,0.047395,ms,CUDA,0.008192,ms
Total,CPU,4.111451,ms,CUDA,3.294976,ms
Post-Process,CPU,0.018401,ms,CUDA,0.018560,ms
Network,CPU,4.015541,ms,CUDA,3.269248,ms
Pre-Process,CPU,0.077509,ms,CUDA,0.007168,ms
Total,CPU,4.211841,ms,CUDA,4.280512,ms
Post-Process,CPU,0.022177,ms,CUDA,0.001024,ms
Network,CPU,4.137852,ms,CUDA,4.271104,ms
Pre-Process,CPU,0.051811,ms,CUDA,0.008384,ms
Total,CPU,3.662015,ms,CUDA,3.459648,ms
Post-Process,CPU,0.024961,ms,CUDA,0.025152,ms
Network,CPU,3.577242,ms,CUDA,3.426272,ms
Pre-Process,CPU,0.059812,ms,CUDA,0.008224,ms
Total,CPU,5.353223,ms,CUDA,5.313536,ms
Post-Process,CPU,0.213325,ms,CUDA,0.000000,ms
Network,CPU,5.088151,ms,CUDA,5.305344,ms
Pre-Process,CPU,0.051747,ms,CUDA,0.008192,ms
Total,CPU,3.819978,ms,CUDA,3.607616,ms
Post-Process,CPU,0.330260,ms,CUDA,0.328960,ms
Network,CPU,3.437266,ms,CUDA,3.270816,ms
Pre-Process,CPU,0.052452,ms,CUDA,0.007840,ms
Total,CPU,4.697279,ms,CUDA,4.762976,ms
Post-Process,CPU,0.058884,ms,CUDA,0.000000,ms
Network,CPU,4.586136,ms,CUDA,4.754432,ms
Pre-Process,CPU,0.052259,ms,CUDA,0.008544,ms
Total,CPU,5.311589,ms,CUDA,4.987776,ms
Post-Process,CPU,0.037699,ms,CUDA,0.037664,ms
Network,CPU,5.221279,ms,CUDA,4.942560,ms
Pre-Process,CPU,0.052611,ms,CUDA,0.007552,ms
Total,CPU,6.535631,ms,CUDA,6.439968,ms
Post-Process,CPU,0.031650,ms,CUDA,0.031744,ms
Network,CPU,6.413256,ms,CUDA,6.400384,ms
Pre-Process,CPU,0.090725,ms,CUDA,0.007840,ms
Total,CPU,5.469796,ms,CUDA,5.297888,ms
Post-Process,CPU,0.046850,ms,CUDA,0.047264,ms
Network,CPU,5.360542,ms,CUDA,5.242880,ms
Pre-Process,CPU,0.062404,ms,CUDA,0.007744,ms
Total,CPU,4.413802,ms,CUDA,4.218528,ms
Post-Process,CPU,0.039491,ms,CUDA,0.039584,ms
Network,CPU,4.301891,ms,CUDA,4.170752,ms
Pre-Process,CPU,0.072420,ms,CUDA,0.008192,ms
Total,CPU,85.552490,ms,CUDA,85.357567,ms
Post-Process,CPU,0.033441,ms,CUDA,0.033792,ms
Network,CPU,85.473991,ms,CUDA,85.316032,ms
Pre-Process,CPU,0.045058,ms,CUDA,0.007744,ms
Total,CPU,86.854820,ms,CUDA,86.744064,ms
Post-Process,CPU,0.031873,ms,CUDA,0.032096,ms
Network,CPU,86.766045,ms,CUDA,86.704124,ms
Pre-Process,CPU,0.056899,ms,CUDA,0.007840,ms
Total,CPU,89.027000,ms,CUDA,88.832901,ms
Post-Process,CPU,0.041282,ms,CUDA,0.040992,ms
Network,CPU,88.942352,ms,CUDA,88.784065,ms
Pre-Process,CPU,0.043363,ms,CUDA,0.007840,ms
Total,CPU,94.347847,ms,CUDA,94.316544,ms
Post-Process,CPU,0.048418,ms,CUDA,0.001024,ms
Network,CPU,94.248840,ms,CUDA,94.307327,ms
Pre-Process,CPU,0.050594,ms,CUDA,0.008192,ms
Total,CPU,88.667435,ms,CUDA,88.468376,ms
Post-Process,CPU,0.031970,ms,CUDA,0.032032,ms
Network,CPU,88.585129,ms,CUDA,88.428764,ms
Pre-Process,CPU,0.050338,ms,CUDA,0.007584,ms
Total,CPU,90.415871,ms,CUDA,90.272003,ms
Post-Process,CPU,0.037411,ms,CUDA,0.037472,ms
Network,CPU,90.302895,ms,CUDA,90.226685,ms
Pre-Process,CPU,0.075558,ms,CUDA,0.007840,ms
Total,CPU,94.432716,ms,CUDA,94.490623,ms
Post-Process,CPU,0.042820,ms,CUDA,0.000000,ms
Network,CPU,94.331459,ms,CUDA,94.482430,ms
Pre-Process,CPU,0.058437,ms,CUDA,0.008192,ms
Total,CPU,225.643692,ms,CUDA,225.440491,ms
Post-Process,CPU,0.043971,ms,CUDA,0.044064,ms
Network,CPU,225.547867,ms,CUDA,225.388229,ms
Pre-Process,CPU,0.051844,ms,CUDA,0.008192,ms
Total,CPU,23.453888,ms,CUDA,23.260960,ms
Post-Process,CPU,0.062309,ms,CUDA,0.062144,ms
Network,CPU,23.332567,ms,CUDA,23.190624,ms
Pre-Process,CPU,0.059012,ms,CUDA,0.008192,ms
Total,CPU,22.766668,ms,CUDA,22.565952,ms
Post-Process,CPU,0.050276,ms,CUDA,0.050112,ms
Network,CPU,22.665350,ms,CUDA,22.507648,ms
Pre-Process,CPU,0.051043,ms,CUDA,0.008192,ms
Total,CPU,27.591467,ms,CUDA,27.588512,ms
Post-Process,CPU,3.912674,ms,CUDA,4.018784,ms
Network,CPU,23.582829,ms,CUDA,23.561537,ms
Pre-Process,CPU,0.095965,ms,CUDA,0.008192,ms
Total,CPU,25.955595,ms,CUDA,25.620256,ms
Post-Process,CPU,4.024362,ms,CUDA,4.213760,ms
Network,CPU,21.874636,ms,CUDA,21.398912,ms
Pre-Process,CPU,0.056596,ms,CUDA,0.007584,ms
Total,CPU,27.377880,ms,CUDA,27.385311,ms
Post-Process,CPU,4.083477,ms,CUDA,4.283936,ms
Network,CPU,23.244658,ms,CUDA,23.093632,ms
Pre-Process,CPU,0.049746,ms,CUDA,0.007744,ms
Total,CPU,27.987673,ms,CUDA,27.999454,ms
Post-Process,CPU,3.906114,ms,CUDA,4.104832,ms
Network,CPU,24.003044,ms,CUDA,23.887039,ms
Pre-Process,CPU,0.078514,ms,CUDA,0.007584,ms
Total,CPU,27.273933,ms,CUDA,27.306946,ms
Post-Process,CPU,4.014373,ms,CUDA,4.212352,ms
Network,CPU,23.182440,ms,CUDA,23.086208,ms
Pre-Process,CPU,0.077120,ms,CUDA,0.008384,ms
