Total,CPU,3.09037,ms,CUDA,2.88314,ms
Post-Process,CPU,0.01763,ms,CUDA,0.01747,ms
Network,CPU,2.89341,ms,CUDA,2.85741,ms
Pre-Process,CPU,0.17933,ms,CUDA,0.00826,ms
Total,CPU,3.04605,ms,CUDA,2.85914,ms
Post-Process,CPU,0.01744,ms,CUDA,0.01741,ms
Network,CPU,2.97749,ms,CUDA,2.83408,ms
Pre-Process,CPU,0.05113,ms,CUDA,0.00765,ms
Total,CPU,3.08377,ms,CUDA,2.88902,ms
Post-Process,CPU,0.02499,ms,CUDA,0.0249,ms
Network,CPU,3.01079,ms,CUDA,2.85594,ms
Pre-Process,CPU,0.04799,ms,CUDA,0.00819,ms
Total,CPU,2.98408,ms,CUDA,2.82854,ms
Post-Process,CPU,0.01788,ms,CUDA,0.01808,ms
Network,CPU,2.91462,ms,CUDA,2.80227,ms
Pre-Process,CPU,0.05158,ms,CUDA,0.00819,ms
Total,CPU,2.93503,ms,CUDA,2.7401,ms
Post-Process,CPU,0.01734,ms,CUDA,0.01738,ms
Network,CPU,2.84346,ms,CUDA,2.71498,ms
Pre-Process,CPU,0.07423,ms,CUDA,0.00774,ms
Total,CPU,4.13042,ms,CUDA,4.1687,ms
Post-Process,CPU,0.01744,ms,CUDA,0.00102,ms
Network,CPU,4.06435,ms,CUDA,4.15949,ms
Pre-Process,CPU,0.04863,ms,CUDA,0.00819,ms
Total,CPU,3.03146,ms,CUDA,2.85699,ms
Post-Process,CPU,0.01769,ms,CUDA,0.04237,ms
Network,CPU,2.96296,ms,CUDA,2.80678,ms
Pre-Process,CPU,0.05081,ms,CUDA,0.00784,ms
Total,CPU,3.766,ms,CUDA,3.87482,ms
Post-Process,CPU,0.01785,ms,CUDA,0.00102,ms
Network,CPU,3.69916,ms,CUDA,3.8656,ms
Pre-Process,CPU,0.04898,ms,CUDA,0.00819,ms
Total,CPU,4.45737,ms,CUDA,3.93939,ms
Post-Process,CPU,0.02444,ms,CUDA,0.02464,ms
Network,CPU,4.35716,ms,CUDA,3.90656,ms
Pre-Process,CPU,0.07576,ms,CUDA,0.00819,ms
Total,CPU,2.98478,ms,CUDA,2.79347,ms
Post-Process,CPU,0.03692,ms,CUDA,0.03744,ms
Network,CPU,2.89309,ms,CUDA,2.74758,ms
Pre-Process,CPU,0.05477,ms,CUDA,0.00845,ms
Total,CPU,3.50607,ms,CUDA,2.52557,ms
Post-Process,CPU,0.01904,ms,CUDA,0.01901,ms
Network,CPU,3.4361,ms,CUDA,2.49818,ms
Pre-Process,CPU,0.05094,ms,CUDA,0.00838,ms
Total,CPU,3.045,ms,CUDA,2.83827,ms
Post-Process,CPU,0.01731,ms,CUDA,0.01722,ms
Network,CPU,2.97963,ms,CUDA,2.81328,ms
Pre-Process,CPU,0.04806,ms,CUDA,0.00778,ms
Total,CPU,2.94562,ms,CUDA,2.75718,ms
Post-Process,CPU,0.01763,ms,CUDA,0.01754,ms
Network,CPU,2.87549,ms,CUDA,2.73101,ms
Pre-Process,CPU,0.0525,ms,CUDA,0.00864,ms
Total,CPU,3.89839,ms,CUDA,4.07187,ms
Post-Process,CPU,0.04143,ms,CUDA,0.00102,ms
Network,CPU,3.80538,ms,CUDA,4.06323,ms
Pre-Process,CPU,0.05158,ms,CUDA,0.00762,ms
Total,CPU,3.00091,ms,CUDA,2.80838,ms
Post-Process,CPU,0.01747,ms,CUDA,0.01744,ms
Network,CPU,2.93225,ms,CUDA,2.78246,ms
Pre-Process,CPU,0.05119,ms,CUDA,0.00848,ms
Total,CPU,3.75931,ms,CUDA,0.00941,ms
Post-Process,CPU,0.01779,ms,CUDA,0.00102,ms
Network,CPU,3.69049,ms,CUDA,0,ms
Pre-Process,CPU,0.05103,ms,CUDA,0.00838,ms
Total,CPU,2.99294,ms,CUDA,2.79498,ms
Post-Process,CPU,0.04227,ms,CUDA,0.04208,ms
Network,CPU,2.90057,ms,CUDA,2.74461,ms
Pre-Process,CPU,0.0501,ms,CUDA,0.00829,ms
Total,CPU,3.68003,ms,CUDA,0.00822,ms
Post-Process,CPU,0.01757,ms,CUDA,0,ms
Network,CPU,3.58574,ms,CUDA,0,ms
Pre-Process,CPU,0.07672,ms,CUDA,0.00822,ms
Total,CPU,3.97028,ms,CUDA,4.09146,ms
Post-Process,CPU,0.0176,ms,CUDA,0.00102,ms
Network,CPU,3.90223,ms,CUDA,4.08269,ms
Pre-Process,CPU,0.05046,ms,CUDA,0.00774,ms
Total,CPU,3.04004,ms,CUDA,2.84464,ms
Post-Process,CPU,0.02121,ms,CUDA,0.02109,ms
Network,CPU,2.97055,ms,CUDA,2.81603,ms
Pre-Process,CPU,0.04828,ms,CUDA,0.00752,ms
Total,CPU,3.97319,ms,CUDA,0.0073,ms
Post-Process,CPU,0.0174,ms,CUDA,0,ms
Network,CPU,3.9038,ms,CUDA,0,ms
Pre-Process,CPU,0.05199,ms,CUDA,0.0073,ms
Total,CPU,3.05668,ms,CUDA,2.86029,ms
Post-Process,CPU,0.01715,ms,CUDA,0.01728,ms
Network,CPU,2.99102,ms,CUDA,2.83514,ms
Pre-Process,CPU,0.0485,ms,CUDA,0.00787,ms
Total,CPU,4.00097,ms,CUDA,0.00922,ms
Post-Process,CPU,0.0167,ms,CUDA,0.00102,ms
Network,CPU,3.94043,ms,CUDA,0,ms
Pre-Process,CPU,0.04383,ms,CUDA,0.00819,ms
Total,CPU,3.03937,ms,CUDA,2.84947,ms
Post-Process,CPU,0.0174,ms,CUDA,0.01757,ms
Network,CPU,2.97403,ms,CUDA,2.82326,ms
Pre-Process,CPU,0.04793,ms,CUDA,0.00864,ms
Total,CPU,3.03447,ms,CUDA,2.72589,ms
Post-Process,CPU,0.01785,ms,CUDA,0.0393,ms
Network,CPU,2.95762,ms,CUDA,2.67738,ms
Pre-Process,CPU,0.059,ms,CUDA,0.00922,ms
Total,CPU,3.92805,ms,CUDA,0.01027,ms
Post-Process,CPU,0.02956,ms,CUDA,0.00102,ms
Network,CPU,3.84877,ms,CUDA,0,ms
Pre-Process,CPU,0.04972,ms,CUDA,0.00925,ms
Total,CPU,3.03284,ms,CUDA,2.82355,ms
Post-Process,CPU,0.01894,ms,CUDA,0.01888,ms
Network,CPU,2.96095,ms,CUDA,2.7968,ms
Pre-Process,CPU,0.05295,ms,CUDA,0.00787,ms
Total,CPU,4.42099,ms,CUDA,0.00819,ms
Post-Process,CPU,0.01718,ms,CUDA,0,ms
Network,CPU,4.35329,ms,CUDA,0,ms
Pre-Process,CPU,0.05052,ms,CUDA,0.00819,ms
Total,CPU,2.99083,ms,CUDA,2.80454,ms
Post-Process,CPU,0.01737,ms,CUDA,0.01744,ms
Network,CPU,2.92409,ms,CUDA,2.77853,ms
Pre-Process,CPU,0.04937,ms,CUDA,0.00858,ms
Total,CPU,3.67968,ms,CUDA,3.89494,ms
Post-Process,CPU,0.01798,ms,CUDA,0.00102,ms
Network,CPU,3.6131,ms,CUDA,3.88506,ms
Pre-Process,CPU,0.0486,ms,CUDA,0.00886,ms
Total,CPU,3.00817,ms,CUDA,2.81866,ms
Post-Process,CPU,0.01801,ms,CUDA,0.01789,ms
Network,CPU,2.93986,ms,CUDA,2.79203,ms
Pre-Process,CPU,0.0503,ms,CUDA,0.00874,ms
Total,CPU,3.79162,ms,CUDA,0.00867,ms
Post-Process,CPU,0.04463,ms,CUDA,0,ms
Network,CPU,3.70159,ms,CUDA,0,ms
Pre-Process,CPU,0.0454,ms,CUDA,0.00867,ms
Total,CPU,2.92028,ms,CUDA,2.7409,ms
Post-Process,CPU,0.01728,ms,CUDA,0.01725,ms
Network,CPU,2.85828,ms,CUDA,2.71507,ms
Pre-Process,CPU,0.04473,ms,CUDA,0.00858,ms
Total,CPU,3.15256,ms,CUDA,2.96534,ms
Post-Process,CPU,0.03855,ms,CUDA,0.03853,ms
Network,CPU,3.06499,ms,CUDA,2.9184,ms
Pre-Process,CPU,0.04902,ms,CUDA,0.00842,ms
Total,CPU,3.70588,ms,CUDA,3.8377,ms
Post-Process,CPU,0.01785,ms,CUDA,0.00102,ms
Network,CPU,3.63885,ms,CUDA,3.82874,ms
Pre-Process,CPU,0.04918,ms,CUDA,0.00794,ms
Total,CPU,2.9293,ms,CUDA,2.73494,ms
Post-Process,CPU,0.01769,ms,CUDA,0.01754,ms
Network,CPU,2.86407,ms,CUDA,2.7095,ms
Pre-Process,CPU,0.04754,ms,CUDA,0.0079,ms
Total,CPU,3.10284,ms,CUDA,2.90134,ms
Post-Process,CPU,0.01833,ms,CUDA,0.01862,ms
Network,CPU,3.03502,ms,CUDA,2.87504,ms
Pre-Process,CPU,0.0495,ms,CUDA,0.00768,ms
Total,CPU,4.00516,ms,CUDA,3.80826,ms
Post-Process,CPU,0.01788,ms,CUDA,0.01766,ms
Network,CPU,3.93938,ms,CUDA,3.78218,ms
Pre-Process,CPU,0.0479,ms,CUDA,0.00842,ms
Total,CPU,3.0768,ms,CUDA,2.86678,ms
Post-Process,CPU,0.01776,ms,CUDA,0.01763,ms
Network,CPU,3.01473,ms,CUDA,2.84058,ms
Pre-Process,CPU,0.04431,ms,CUDA,0.00858,ms
Total,CPU,3.76507,ms,CUDA,3.57245,ms
Post-Process,CPU,0.02038,ms,CUDA,0.02048,ms
Network,CPU,3.70118,ms,CUDA,3.54378,ms
Pre-Process,CPU,0.04351,ms,CUDA,0.00819,ms
Total,CPU,4.45167,ms,CUDA,4.56499,ms
Post-Process,CPU,0.01725,ms,CUDA,0.00102,ms
Network,CPU,4.35831,ms,CUDA,4.55578,ms
Pre-Process,CPU,0.07611,ms,CUDA,0.00819,ms
Total,CPU,2.97733,ms,CUDA,2.78925,ms
Post-Process,CPU,0.0176,ms,CUDA,0.0176,ms
Network,CPU,2.91123,ms,CUDA,2.76342,ms
Pre-Process,CPU,0.0485,ms,CUDA,0.00822,ms
Total,CPU,4.00273,ms,CUDA,4.11494,ms
Post-Process,CPU,0.01833,ms,CUDA,0.00102,ms
Network,CPU,3.93518,ms,CUDA,4.10522,ms
Pre-Process,CPU,0.04921,ms,CUDA,0.0087,ms
Total,CPU,3.04017,ms,CUDA,2.84509,ms
Post-Process,CPU,0.04079,ms,CUDA,0.04086,ms
Network,CPU,2.94537,ms,CUDA,2.79603,ms
Pre-Process,CPU,0.05401,ms,CUDA,0.00819,ms
Total,CPU,3.0298,ms,CUDA,2.8681,ms
Post-Process,CPU,0.01769,ms,CUDA,0.01805,ms
Network,CPU,2.96309,ms,CUDA,2.84166,ms
Pre-Process,CPU,0.04902,ms,CUDA,0.00838,ms
Total,CPU,4.19053,ms,CUDA,4.1223,ms
Post-Process,CPU,0.08325,ms,CUDA,0.08298,ms
Network,CPU,4.05628,ms,CUDA,4.03114,ms
Pre-Process,CPU,0.051,ms,CUDA,0.00819,ms
Total,CPU,2.96344,ms,CUDA,2.76806,ms
Post-Process,CPU,0.01801,ms,CUDA,0.01798,ms
Network,CPU,2.87242,ms,CUDA,2.74227,ms
Pre-Process,CPU,0.07301,ms,CUDA,0.00781,ms
Total,CPU,3.92136,ms,CUDA,3.52768,ms
Post-Process,CPU,0.01734,ms,CUDA,0.01722,ms
Network,CPU,3.85574,ms,CUDA,3.50227,ms
Pre-Process,CPU,0.04828,ms,CUDA,0.00819,ms
Total,CPU,3.03162,ms,CUDA,2.83558,ms
Post-Process,CPU,0.01763,ms,CUDA,0.01754,ms
Network,CPU,2.96543,ms,CUDA,2.81005,ms
Pre-Process,CPU,0.04857,ms,CUDA,0.008,ms
Total,CPU,3.758,ms,CUDA,3.56106,ms
Post-Process,CPU,0.02096,ms,CUDA,0.02109,ms
Network,CPU,3.68627,ms,CUDA,3.53168,ms
Pre-Process,CPU,0.05078,ms,CUDA,0.00829,ms
Total,CPU,2.9524,ms,CUDA,2.75674,ms
Post-Process,CPU,0.01699,ms,CUDA,0.01696,ms
Network,CPU,2.87818,ms,CUDA,2.73158,ms
Pre-Process,CPU,0.05724,ms,CUDA,0.00819,ms
Total,CPU,3.10665,ms,CUDA,2.91741,ms
Post-Process,CPU,0.0174,ms,CUDA,0.01738,ms
Network,CPU,3.03978,ms,CUDA,2.89216,ms
Pre-Process,CPU,0.04946,ms,CUDA,0.00787,ms
Total,CPU,3.08832,ms,CUDA,2.88979,ms
Post-Process,CPU,0.01747,ms,CUDA,0.01747,ms
Network,CPU,2.99125,ms,CUDA,2.86406,ms
Pre-Process,CPU,0.0796,ms,CUDA,0.00826,ms
Total,CPU,3.23885,ms,CUDA,2.49968,ms
Post-Process,CPU,0.02092,ms,CUDA,0.02112,ms
Network,CPU,3.16776,ms,CUDA,2.47014,ms
Pre-Process,CPU,0.05017,ms,CUDA,0.00842,ms
Total,CPU,2.9287,ms,CUDA,2.71789,ms
Post-Process,CPU,0.01734,ms,CUDA,0.0176,ms
Network,CPU,2.84055,ms,CUDA,2.6921,ms
Pre-Process,CPU,0.0708,ms,CUDA,0.00819,ms
Total,CPU,3.99853,ms,CUDA,3.51818,ms
Post-Process,CPU,0.01785,ms,CUDA,0.01811,ms
Network,CPU,3.93243,ms,CUDA,3.49187,ms
Pre-Process,CPU,0.04825,ms,CUDA,0.00819,ms
Total,CPU,3.09129,ms,CUDA,2.88682,ms
Post-Process,CPU,0.01782,ms,CUDA,0.01802,ms
Network,CPU,3.0273,ms,CUDA,2.86061,ms
Pre-Process,CPU,0.04617,ms,CUDA,0.00819,ms
Total,CPU,3.05671,ms,CUDA,2.86035,ms
Post-Process,CPU,0.0183,ms,CUDA,0.01843,ms
Network,CPU,2.96027,ms,CUDA,2.83373,ms
Pre-Process,CPU,0.07813,ms,CUDA,0.00819,ms
Total,CPU,3.0083,ms,CUDA,2.81766,ms
Post-Process,CPU,0.01824,ms,CUDA,0.01843,ms
Network,CPU,2.90265,ms,CUDA,2.79104,ms
Pre-Process,CPU,0.08741,ms,CUDA,0.00819,ms
Total,CPU,3.75582,ms,CUDA,3.90554,ms
Post-Process,CPU,0.01785,ms,CUDA,0.00102,ms
Network,CPU,3.6847,ms,CUDA,3.89632,ms
Pre-Process,CPU,0.05327,ms,CUDA,0.00819,ms
Total,CPU,3.01044,ms,CUDA,2.82147,ms
Post-Process,CPU,0.0176,ms,CUDA,0.01773,ms
Network,CPU,2.94172,ms,CUDA,2.79619,ms
Pre-Process,CPU,0.05113,ms,CUDA,0.00755,ms
Total,CPU,2.97934,ms,CUDA,2.81526,ms
Post-Process,CPU,0.01769,ms,CUDA,0.0433,ms
Network,CPU,2.91638,ms,CUDA,2.76378,ms
Pre-Process,CPU,0.04527,ms,CUDA,0.00819,ms
Total,CPU,2.91603,ms,CUDA,2.72202,ms
Post-Process,CPU,0.01757,ms,CUDA,0.01731,ms
Network,CPU,2.84826,ms,CUDA,2.69754,ms
Pre-Process,CPU,0.0502,ms,CUDA,0.00717,ms
Total,CPU,3.04663,ms,CUDA,2.85101,ms
Post-Process,CPU,0.01734,ms,CUDA,0.01741,ms
Network,CPU,2.98043,ms,CUDA,2.82592,ms
Pre-Process,CPU,0.04886,ms,CUDA,0.00768,ms
Total,CPU,3.59521,ms,CUDA,3.49962,ms
Post-Process,CPU,0.01836,ms,CUDA,0.01843,ms
Network,CPU,3.52648,ms,CUDA,3.47341,ms
Pre-Process,CPU,0.05036,ms,CUDA,0.00778,ms
Total,CPU,2.8776,ms,CUDA,2.69325,ms
Post-Process,CPU,0.0184,ms,CUDA,0.0185,ms
Network,CPU,2.80705,ms,CUDA,2.66579,ms
Pre-Process,CPU,0.05215,ms,CUDA,0.00896,ms
Total,CPU,4.23385,ms,CUDA,3.79446,ms
Post-Process,CPU,0.0175,ms,CUDA,0.01744,ms
Network,CPU,4.16631,ms,CUDA,3.76854,ms
Pre-Process,CPU,0.05004,ms,CUDA,0.00848,ms
Total,CPU,2.98619,ms,CUDA,2.78982,ms
Post-Process,CPU,0.01763,ms,CUDA,0.01747,ms
Network,CPU,2.92111,ms,CUDA,2.7648,ms
Pre-Process,CPU,0.04745,ms,CUDA,0.00755,ms
Total,CPU,2.98072,ms,CUDA,2.87715,ms
Post-Process,CPU,0.01798,ms,CUDA,0.01786,ms
Network,CPU,2.91155,ms,CUDA,2.8511,ms
Pre-Process,CPU,0.05119,ms,CUDA,0.00819,ms
Total,CPU,2.98261,ms,CUDA,2.78048,ms
Post-Process,CPU,0.01753,ms,CUDA,0.01741,ms
Network,CPU,2.91619,ms,CUDA,2.75558,ms
Pre-Process,CPU,0.04889,ms,CUDA,0.00749,ms
Total,CPU,3.03953,ms,CUDA,2.97517,ms
Post-Process,CPU,0.01734,ms,CUDA,0,ms
Network,CPU,2.97215,ms,CUDA,2.96755,ms
Pre-Process,CPU,0.05004,ms,CUDA,0.00762,ms
Total,CPU,3.11244,ms,CUDA,2.8992,ms
Post-Process,CPU,0.01728,ms,CUDA,0.01706,ms
Network,CPU,3.01831,ms,CUDA,2.87437,ms
Pre-Process,CPU,0.07685,ms,CUDA,0.00778,ms
Total,CPU,2.97122,ms,CUDA,2.86781,ms
Post-Process,CPU,0.01718,ms,CUDA,0.01734,ms
Network,CPU,2.9032,ms,CUDA,2.84227,ms
Pre-Process,CPU,0.05084,ms,CUDA,0.00819,ms
Total,CPU,4.00372,ms,CUDA,4.06016,ms
Post-Process,CPU,0.01833,ms,CUDA,0.00102,ms
Network,CPU,3.93358,ms,CUDA,4.04992,ms
Pre-Process,CPU,0.0518,ms,CUDA,0.00922,ms
Total,CPU,4.52437,ms,CUDA,4.63053,ms
Post-Process,CPU,0.01757,ms,CUDA,0.00102,ms
Network,CPU,4.43097,ms,CUDA,4.62131,ms
Pre-Process,CPU,0.07583,ms,CUDA,0.00819,ms
Total,CPU,3.06912,ms,CUDA,2.86518,ms
Post-Process,CPU,0.01734,ms,CUDA,0.01744,ms
Network,CPU,3.00184,ms,CUDA,2.83955,ms
Pre-Process,CPU,0.04994,ms,CUDA,0.00819,ms
Total,CPU,3.87302,ms,CUDA,3.77856,ms
Post-Process,CPU,0.01801,ms,CUDA,0.01808,ms
Network,CPU,3.80529,ms,CUDA,3.75194,ms
Pre-Process,CPU,0.04972,ms,CUDA,0.00854,ms
Total,CPU,3.25018,ms,CUDA,2.66707,ms
Post-Process,CPU,0.01773,ms,CUDA,0.01798,ms
Network,CPU,3.17653,ms,CUDA,2.6409,ms
Pre-Process,CPU,0.05593,ms,CUDA,0.00819,ms
Total,CPU,3.05856,ms,CUDA,2.85507,ms
Post-Process,CPU,0.01776,ms,CUDA,0.01773,ms
Network,CPU,2.98888,ms,CUDA,2.82963,ms
Pre-Process,CPU,0.05193,ms,CUDA,0.00771,ms
Total,CPU,3.66061,ms,CUDA,3.7864,ms
Post-Process,CPU,0.01737,ms,CUDA,0.00102,ms
Network,CPU,3.59508,ms,CUDA,3.77754,ms
Pre-Process,CPU,0.04815,ms,CUDA,0.00784,ms
Total,CPU,3.08451,ms,CUDA,2.89302,ms
Post-Process,CPU,0.01737,ms,CUDA,0.01715,ms
Network,CPU,2.98792,ms,CUDA,2.86746,ms
Pre-Process,CPU,0.07922,ms,CUDA,0.00842,ms
Total,CPU,2.91673,ms,CUDA,2.72042,ms
Post-Process,CPU,0.01744,ms,CUDA,0.01706,ms
Network,CPU,2.85252,ms,CUDA,2.69501,ms
Pre-Process,CPU,0.04678,ms,CUDA,0.00835,ms
Total,CPU,2.99656,ms,CUDA,2.80278,ms
Post-Process,CPU,0.01788,ms,CUDA,0.01805,ms
Network,CPU,2.92463,ms,CUDA,2.77629,ms
Pre-Process,CPU,0.05404,ms,CUDA,0.00845,ms
Total,CPU,3.76744,ms,CUDA,0.0089,ms
Post-Process,CPU,0.01753,ms,CUDA,0.00102,ms
Network,CPU,3.67469,ms,CUDA,0,ms
Pre-Process,CPU,0.07522,ms,CUDA,0.00787,ms
Total,CPU,2.97931,ms,CUDA,2.78365,ms
Post-Process,CPU,0.0184,ms,CUDA,0.01856,ms
Network,CPU,2.91286,ms,CUDA,2.7568,ms
Pre-Process,CPU,0.04806,ms,CUDA,0.00829,ms
Total,CPU,4.06384,ms,CUDA,4.15802,ms
Post-Process,CPU,0.01859,ms,CUDA,0,ms
Network,CPU,3.9985,ms,CUDA,4.14925,ms
Pre-Process,CPU,0.04674,ms,CUDA,0.00877,ms
Total,CPU,3.08909,ms,CUDA,3.01376,ms
Post-Process,CPU,0.01753,ms,CUDA,0.01754,ms
Network,CPU,3.02132,ms,CUDA,2.98787,ms
Pre-Process,CPU,0.05023,ms,CUDA,0.00835,ms
Total,CPU,3.78798,ms,CUDA,3.97766,ms
Post-Process,CPU,0.01814,ms,CUDA,0.00102,ms
Network,CPU,3.71986,ms,CUDA,3.96902,ms
Pre-Process,CPU,0.04998,ms,CUDA,0.00762,ms
Total,CPU,2.9869,ms,CUDA,2.88083,ms
Post-Process,CPU,0.01779,ms,CUDA,0.01776,ms
Network,CPU,2.92191,ms,CUDA,2.85456,ms
Pre-Process,CPU,0.04719,ms,CUDA,0.00851,ms
Total,CPU,3.3627,ms,CUDA,0.00784,ms
Post-Process,CPU,0.01776,ms,CUDA,0,ms
Network,CPU,3.295,ms,CUDA,0,ms
Pre-Process,CPU,0.04994,ms,CUDA,0.00784,ms
Total,CPU,3.04474,ms,CUDA,2.8489,ms
Post-Process,CPU,0.01773,ms,CUDA,0.01754,ms
Network,CPU,2.95064,ms,CUDA,2.8231,ms
Pre-Process,CPU,0.07637,ms,CUDA,0.00826,ms
Total,CPU,3.80791,ms,CUDA,3.71485,ms
Post-Process,CPU,0.04514,ms,CUDA,0.04522,ms
Network,CPU,3.71087,ms,CUDA,3.66131,ms
Pre-Process,CPU,0.0519,ms,CUDA,0.00832,ms
Total,CPU,2.95608,ms,CUDA,2.7713,ms
Post-Process,CPU,0.01757,ms,CUDA,0.0175,ms
Network,CPU,2.88973,ms,CUDA,2.74458,ms
Pre-Process,CPU,0.04879,ms,CUDA,0.00922,ms
Total,CPU,3.98727,ms,CUDA,3.54022,ms
Post-Process,CPU,0.01923,ms,CUDA,0.01917,ms
Network,CPU,3.92034,ms,CUDA,3.51258,ms
Pre-Process,CPU,0.0477,ms,CUDA,0.00848,ms
Total,CPU,3.02622,ms,CUDA,2.84496,ms
Post-Process,CPU,0.0175,ms,CUDA,0.01741,ms
Network,CPU,2.9406,ms,CUDA,2.8193,ms
Pre-Process,CPU,0.06812,ms,CUDA,0.00826,ms
Total,CPU,3.86902,ms,CUDA,4.06941,ms
Post-Process,CPU,0.01939,ms,CUDA,0,ms
Network,CPU,3.8009,ms,CUDA,4.06118,ms
Pre-Process,CPU,0.04873,ms,CUDA,0.00822,ms
Total,CPU,3.02766,ms,CUDA,2.81939,ms
Post-Process,CPU,0.01721,ms,CUDA,0.01725,ms
Network,CPU,2.96114,ms,CUDA,2.79395,ms
Pre-Process,CPU,0.0493,ms,CUDA,0.00819,ms
Total,CPU,3.71954,ms,CUDA,3.62451,ms
Post-Process,CPU,0.01744,ms,CUDA,0.01741,ms
Network,CPU,3.65203,ms,CUDA,3.59891,ms
Pre-Process,CPU,0.05007,ms,CUDA,0.00819,ms
Total,CPU,3.00488,ms,CUDA,2.83398,ms
Post-Process,CPU,0.01773,ms,CUDA,0.04154,ms
Network,CPU,2.93714,ms,CUDA,2.78413,ms
Pre-Process,CPU,0.05001,ms,CUDA,0.00832,ms
Total,CPU,3.7844,ms,CUDA,4.09395,ms
Post-Process,CPU,0.01737,ms,CUDA,0.00102,ms
Network,CPU,3.68899,ms,CUDA,4.08474,ms
Pre-Process,CPU,0.07804,ms,CUDA,0.00819,ms
Total,CPU,2.96043,ms,CUDA,2.7503,ms
Post-Process,CPU,0.01731,ms,CUDA,0.01709,ms
Network,CPU,2.89456,ms,CUDA,2.72502,ms
Pre-Process,CPU,0.04857,ms,CUDA,0.00819,ms
Total,CPU,3.67696,ms,CUDA,3.58022,ms
Post-Process,CPU,0.02012,ms,CUDA,0.02042,ms
Network,CPU,3.60542,ms,CUDA,3.55194,ms
Pre-Process,CPU,0.05142,ms,CUDA,0.00787,ms
Total,CPU,3.21463,ms,CUDA,3.00998,ms
Post-Process,CPU,0.01734,ms,CUDA,0.0175,ms
Network,CPU,3.13522,ms,CUDA,2.98454,ms
Pre-Process,CPU,0.06207,ms,CUDA,0.00794,ms
Total,CPU,3.98151,ms,CUDA,0.00758,ms
Post-Process,CPU,0.04489,ms,CUDA,0,ms
Network,CPU,3.88016,ms,CUDA,0,ms
Pre-Process,CPU,0.05647,ms,CUDA,0.00758,ms
Total,CPU,3.13717,ms,CUDA,2.93184,ms
Post-Process,CPU,0.01728,ms,CUDA,0.01728,ms
Network,CPU,3.07072,ms,CUDA,2.90666,ms
Pre-Process,CPU,0.04918,ms,CUDA,0.0079,ms
Total,CPU,3.73685,ms,CUDA,3.61232,ms
Post-Process,CPU,0.01888,ms,CUDA,0.0193,ms
Network,CPU,3.66733,ms,CUDA,3.58531,ms
Pre-Process,CPU,0.05065,ms,CUDA,0.00771,ms
Total,CPU,2.99697,ms,CUDA,2.83386,ms
Post-Process,CPU,0.03807,ms,CUDA,0.03818,ms
Network,CPU,2.90358,ms,CUDA,2.78688,ms
Pre-Process,CPU,0.05532,ms,CUDA,0.0088,ms
Total,CPU,3.72837,ms,CUDA,3.63254,ms
Post-Process,CPU,0.01766,ms,CUDA,0.01779,ms
Network,CPU,3.62919,ms,CUDA,3.60621,ms
Pre-Process,CPU,0.08152,ms,CUDA,0.00854,ms
Total,CPU,3.00142,ms,CUDA,2.80538,ms
Post-Process,CPU,0.01702,ms,CUDA,0.01693,ms
Network,CPU,2.94863,ms,CUDA,2.78064,ms
Pre-Process,CPU,0.03577,ms,CUDA,0.00781,ms
Total,CPU,3.12927,ms,CUDA,2.94454,ms
Post-Process,CPU,0.01725,ms,CUDA,0.01728,ms
Network,CPU,3.06183,ms,CUDA,2.91869,ms
Pre-Process,CPU,0.0502,ms,CUDA,0.00858,ms
Total,CPU,3.79217,ms,CUDA,3.90192,ms
Post-Process,CPU,0.0176,ms,CUDA,0.00102,ms
Network,CPU,3.65085,ms,CUDA,3.89325,ms
Pre-Process,CPU,0.12372,ms,CUDA,0.00765,ms
Total,CPU,2.99525,ms,CUDA,2.76227,ms
Post-Process,CPU,0.01773,ms,CUDA,0.01763,ms
Network,CPU,2.92803,ms,CUDA,2.73613,ms
Pre-Process,CPU,0.0495,ms,CUDA,0.00851,ms
Total,CPU,3.66874,ms,CUDA,3.83837,ms
Post-Process,CPU,0.01753,ms,CUDA,0,ms
Network,CPU,3.59982,ms,CUDA,3.82976,ms
Pre-Process,CPU,0.05138,ms,CUDA,0.00861,ms
Total,CPU,3.10995,ms,CUDA,2.71485,ms
Post-Process,CPU,0.01814,ms,CUDA,0.01792,ms
Network,CPU,3.03348,ms,CUDA,2.68851,ms
Pre-Process,CPU,0.05833,ms,CUDA,0.00842,ms
Total,CPU,3.94485,ms,CUDA,4.12493,ms
Post-Process,CPU,0.01836,ms,CUDA,0.00102,ms
Network,CPU,3.87449,ms,CUDA,4.11546,ms
Pre-Process,CPU,0.05199,ms,CUDA,0.00845,ms
Total,CPU,3.04679,ms,CUDA,2.83014,ms
Post-Process,CPU,0.04054,ms,CUDA,0.01814,ms
Network,CPU,2.9548,ms,CUDA,2.8032,ms
Pre-Process,CPU,0.05145,ms,CUDA,0.0088,ms
Total,CPU,3.7485,ms,CUDA,3.9497,ms
Post-Process,CPU,0.01805,ms,CUDA,0,ms
Network,CPU,3.67776,ms,CUDA,3.94138,ms
Pre-Process,CPU,0.05269,ms,CUDA,0.00832,ms
Total,CPU,3.82423,ms,CUDA,3.78102,ms
Post-Process,CPU,0.01769,ms,CUDA,0.00102,ms
Network,CPU,3.67421,ms,CUDA,3.77242,ms
Pre-Process,CPU,0.13233,ms,CUDA,0.00758,ms
Total,CPU,2.89894,ms,CUDA,2.70832,ms
Post-Process,CPU,0.04015,ms,CUDA,0.04032,ms
Network,CPU,2.77343,ms,CUDA,2.65933,ms
Pre-Process,CPU,0.08536,ms,CUDA,0.00867,ms
Total,CPU,3.47203,ms,CUDA,3.27635,ms
Post-Process,CPU,0.03651,ms,CUDA,0.03642,ms
Network,CPU,3.36904,ms,CUDA,3.23174,ms
Pre-Process,CPU,0.06649,ms,CUDA,0.00819,ms
Total,CPU,3.72354,ms,CUDA,3.53331,ms
Post-Process,CPU,0.01974,ms,CUDA,0.01997,ms
Network,CPU,3.64902,ms,CUDA,3.50515,ms
Pre-Process,CPU,0.05477,ms,CUDA,0.00819,ms
Total,CPU,3.2027,ms,CUDA,3.02499,ms
Post-Process,CPU,0.01801,ms,CUDA,0.0183,ms
Network,CPU,3.13669,ms,CUDA,2.99843,ms
Pre-Process,CPU,0.04799,ms,CUDA,0.00826,ms
Total,CPU,3.13925,ms,CUDA,2.94323,ms
Post-Process,CPU,0.01808,ms,CUDA,0.0183,ms
Network,CPU,3.05351,ms,CUDA,2.91651,ms
Pre-Process,CPU,0.06767,ms,CUDA,0.00842,ms
Total,CPU,3.79738,ms,CUDA,3.93258,ms
Post-Process,CPU,0.01782,ms,CUDA,0.00102,ms
Network,CPU,3.7269,ms,CUDA,3.92294,ms
Pre-Process,CPU,0.05266,ms,CUDA,0.00861,ms
Total,CPU,3.52901,ms,CUDA,3.36742,ms
Post-Process,CPU,0.04866,ms,CUDA,0,ms
Network,CPU,3.42631,ms,CUDA,3.35923,ms
Pre-Process,CPU,0.05404,ms,CUDA,0.00819,ms
Total,CPU,5.77117,ms,CUDA,5.80915,ms
Post-Process,CPU,0.04233,ms,CUDA,0.00102,ms
Network,CPU,5.55012,ms,CUDA,5.73834,ms
Pre-Process,CPU,0.17872,ms,CUDA,0.06979,ms